{
    "win_count": 29,
    "loss_count": 19,
    "tie_count": 0,
    "na_count": 1,
    "total_count": 49,
    "win_ratio_with_na": 0.5918367346938775,
    "loss_ratio_with_na": 0.3877551020408163,
    "tie_ratio_with_na": 0.0,
    "Theanine wins": 0.6041666666666666,
    "tie": 0.0,
    "Baseline wins": 0.3958333333333333
}