{
    "win_count": 12,
    "loss_count": 37,
    "tie_count": 0,
    "na_count": 0,
    "total_count": 49,
    "win_ratio_with_na": 0.24489795918367346,
    "loss_ratio_with_na": 0.7551020408163265,
    "tie_ratio_with_na": 0.0,
    "Theanine wins": 0.24489795918367346,
    "tie": 0.0,
    "Baseline wins": 0.7551020408163265
}