{
    "win_count": 16,
    "loss_count": 33,
    "tie_count": 0,
    "na_count": 0,
    "total_count": 49,
    "win_ratio_with_na": 0.32653061224489793,
    "loss_ratio_with_na": 0.673469387755102,
    "tie_ratio_with_na": 0.0,
    "Theanine wins": 0.32653061224489793,
    "tie": 0.0,
    "Baseline wins": 0.673469387755102
}