{
    "win_count": 32,
    "loss_count": 17,
    "tie_count": 47,
    "na_count": 4,
    "total_count": 100,
    "win_ratio_with_na": 0.32,
    "loss_ratio_with_na": 0.17,
    "tie_ratio_with_na": 0.47,
    "Theanine wins": 0.3333333333333333,
    "tie": 0.4895833333333333,
    "Baseline wins": 0.17708333333333334
}