{
    "win_count": 12,
    "loss_count": 32,
    "tie_count": 53,
    "na_count": 3,
    "total_count": 100,
    "win_ratio_with_na": 0.12,
    "loss_ratio_with_na": 0.32,
    "tie_ratio_with_na": 0.53,
    "Theanine wins": 0.12371134020618557,
    "tie": 0.5463917525773195,
    "Baseline wins": 0.32989690721649484
}