{
    "win_count": 19,
    "loss_count": 27,
    "tie_count": 3,
    "na_count": 1,
    "total_count": 50,
    "win_ratio_with_na": 0.38,
    "loss_ratio_with_na": 0.54,
    "tie_ratio_with_na": 0.06,
    "Theanine wins": 0.3877551020408163,
    "tie": 0.061224489795918366,
    "Baseline wins": 0.5510204081632653
}