{
    "win_count": 72,
    "loss_count": 451,
    "tie_count": 55,
    "na_count": 16,
    "total_count": 594,
    "win_ratio_with_na": 0.12121212121212122,
    "loss_ratio_with_na": 0.7592592592592593,
    "tie_ratio_with_na": 0.09259259259259259,
    "Theanine wins": 0.1245674740484429,
    "tie": 0.09515570934256055,
    "Baseline wins": 0.7802768166089965
}