{
    "win_count": 12,
    "loss_count": 34,
    "tie_count": 1,
    "na_count": 2,
    "total_count": 49,
    "win_ratio_with_na": 0.24489795918367346,
    "loss_ratio_with_na": 0.6938775510204082,
    "tie_ratio_with_na": 0.02040816326530612,
    "Theanine wins": 0.2553191489361702,
    "tie": 0.02127659574468085,
    "Baseline wins": 0.723404255319149
}