{
    "win_count": 13,
    "loss_count": 34,
    "tie_count": 2,
    "na_count": 0,
    "total_count": 49,
    "win_ratio_with_na": 0.2653061224489796,
    "loss_ratio_with_na": 0.6938775510204082,
    "tie_ratio_with_na": 0.04081632653061224,
    "Theanine wins": 0.2653061224489796,
    "tie": 0.04081632653061224,
    "Baseline wins": 0.6938775510204082
}