{
    "win_count": 44,
    "loss_count": 1,
    "tie_count": 6,
    "na_count": 8,
    "total_count": 59,
    "win_ratio_with_na": 0.7457627118644068,
    "loss_ratio_with_na": 0.01694915254237288,
    "tie_ratio_with_na": 0.1016949152542373,
    "Theanine wins": 0.8627450980392157,
    "tie": 0.11764705882352941,
    "Baseline wins": 0.0196078431372549
}