{
    "win_count": 17,
    "loss_count": 2,
    "tie_count": 35,
    "na_count": 5,
    "total_count": 59,
    "win_ratio_with_na": 0.288135593220339,
    "loss_ratio_with_na": 0.03389830508474576,
    "tie_ratio_with_na": 0.5932203389830508,
    "Theanine wins": 0.3148148148148148,
    "tie": 0.6481481481481481,
    "Baseline wins": 0.037037037037037035
}