{
    "win_count": 18,
    "loss_count": 30,
    "tie_count": 1,
    "na_count": 0,
    "total_count": 49,
    "win_ratio_with_na": 0.3673469387755102,
    "loss_ratio_with_na": 0.6122448979591837,
    "tie_ratio_with_na": 0.02040816326530612,
    "Theanine wins": 0.3673469387755102,
    "tie": 0.02040816326530612,
    "Baseline wins": 0.6122448979591837
}