{
    "win_count": 15,
    "loss_count": 32,
    "tie_count": 1,
    "na_count": 1,
    "total_count": 49,
    "win_ratio_with_na": 0.30612244897959184,
    "loss_ratio_with_na": 0.6530612244897959,
    "tie_ratio_with_na": 0.02040816326530612,
    "Theanine wins": 0.3125,
    "tie": 0.020833333333333332,
    "Baseline wins": 0.6666666666666666
}