{
    "win_count": 25,
    "loss_count": 23,
    "tie_count": 1,
    "na_count": 0,
    "total_count": 49,
    "win_ratio_with_na": 0.5102040816326531,
    "loss_ratio_with_na": 0.46938775510204084,
    "tie_ratio_with_na": 0.02040816326530612,
    "Theanine wins": 0.5102040816326531,
    "tie": 0.02040816326530612,
    "Baseline wins": 0.46938775510204084
}