{
    "win_count": 19,
    "loss_count": 29,
    "tie_count": 1,
    "na_count": 1,
    "total_count": 50,
    "win_ratio_with_na": 0.38,
    "loss_ratio_with_na": 0.58,
    "tie_ratio_with_na": 0.02,
    "Theanine wins": 0.3877551020408163,
    "tie": 0.02040816326530612,
    "Baseline wins": 0.5918367346938775
}