{
    "win_count": 10,
    "loss_count": 38,
    "tie_count": 1,
    "na_count": 1,
    "total_count": 50,
    "win_ratio_with_na": 0.2,
    "loss_ratio_with_na": 0.76,
    "tie_ratio_with_na": 0.02,
    "Theanine wins": 0.20408163265306123,
    "tie": 0.02040816326530612,
    "Baseline wins": 0.7755102040816326
}