{
    "win_count": 22,
    "loss_count": 26,
    "tie_count": 1,
    "na_count": 0,
    "total_count": 49,
    "win_ratio_with_na": 0.4489795918367347,
    "loss_ratio_with_na": 0.5306122448979592,
    "tie_ratio_with_na": 0.02040816326530612,
    "Theanine wins": 0.4489795918367347,
    "tie": 0.02040816326530612,
    "Baseline wins": 0.5306122448979592
}