{
    "win_count": 7,
    "loss_count": 38,
    "tie_count": 4,
    "na_count": 1,
    "total_count": 50,
    "win_ratio_with_na": 0.14,
    "loss_ratio_with_na": 0.76,
    "tie_ratio_with_na": 0.08,
    "Theanine wins": 0.14285714285714285,
    "tie": 0.08163265306122448,
    "Baseline wins": 0.7755102040816326
}