{
    "win_count": 28,
    "loss_count": 17,
    "tie_count": 2,
    "na_count": 2,
    "total_count": 49,
    "win_ratio_with_na": 0.5714285714285714,
    "loss_ratio_with_na": 0.3469387755102041,
    "tie_ratio_with_na": 0.04081632653061224,
    "Theanine wins": 0.5957446808510638,
    "tie": 0.0425531914893617,
    "Baseline wins": 0.3617021276595745
}