{
    "win_count": 14,
    "loss_count": 33,
    "tie_count": 2,
    "na_count": 1,
    "total_count": 50,
    "win_ratio_with_na": 0.28,
    "loss_ratio_with_na": 0.66,
    "tie_ratio_with_na": 0.04,
    "Theanine wins": 0.2857142857142857,
    "tie": 0.04081632653061224,
    "Baseline wins": 0.673469387755102
}