{
    "win_count": 9,
    "loss_count": 38,
    "tie_count": 2,
    "na_count": 1,
    "total_count": 50,
    "win_ratio_with_na": 0.18,
    "loss_ratio_with_na": 0.76,
    "tie_ratio_with_na": 0.04,
    "Theanine wins": 0.1836734693877551,
    "tie": 0.04081632653061224,
    "Baseline wins": 0.7755102040816326
}