{
    "win_count": 14,
    "loss_count": 34,
    "tie_count": 0,
    "na_count": 1,
    "total_count": 49,
    "win_ratio_with_na": 0.2857142857142857,
    "loss_ratio_with_na": 0.6938775510204082,
    "tie_ratio_with_na": 0.0,
    "Theanine wins": 0.2916666666666667,
    "tie": 0.0,
    "Baseline wins": 0.7083333333333334
}