{
    "win_count": 221,
    "loss_count": 75,
    "tie_count": 232,
    "na_count": 13,
    "total_count": 541,
    "win_ratio_with_na": 0.40850277264325324,
    "loss_ratio_with_na": 0.13863216266173753,
    "tie_ratio_with_na": 0.4288354898336414,
    "Theanine wins": 0.4185606060606061,
    "tie": 0.4393939393939394,
    "Baseline wins": 0.14204545454545456
}