{
    "win_count": 17,
    "loss_count": 31,
    "tie_count": 1,
    "na_count": 0,
    "total_count": 49,
    "win_ratio_with_na": 0.3469387755102041,
    "loss_ratio_with_na": 0.6326530612244898,
    "tie_ratio_with_na": 0.02040816326530612,
    "Theanine wins": 0.3469387755102041,
    "tie": 0.02040816326530612,
    "Baseline wins": 0.6326530612244898
}