{
    "win_count": 11,
    "loss_count": 34,
    "tie_count": 4,
    "na_count": 0,
    "total_count": 49,
    "win_ratio_with_na": 0.22448979591836735,
    "loss_ratio_with_na": 0.6938775510204082,
    "tie_ratio_with_na": 0.08163265306122448,
    "Theanine wins": 0.22448979591836735,
    "tie": 0.08163265306122448,
    "Baseline wins": 0.6938775510204082
}