{
    "win_count": 11,
    "loss_count": 35,
    "tie_count": 3,
    "na_count": 1,
    "total_count": 50,
    "win_ratio_with_na": 0.22,
    "loss_ratio_with_na": 0.7,
    "tie_ratio_with_na": 0.06,
    "Theanine wins": 0.22448979591836735,
    "tie": 0.061224489795918366,
    "Baseline wins": 0.7142857142857143
}