{
    "win_count": 20,
    "loss_count": 28,
    "tie_count": 1,
    "na_count": 1,
    "total_count": 50,
    "win_ratio_with_na": 0.4,
    "loss_ratio_with_na": 0.56,
    "tie_ratio_with_na": 0.02,
    "Theanine wins": 0.40816326530612246,
    "tie": 0.02040816326530612,
    "Baseline wins": 0.5714285714285714
}