{
    "win_count": 15,
    "loss_count": 34,
    "tie_count": 0,
    "na_count": 0,
    "total_count": 49,
    "win_ratio_with_na": 0.30612244897959184,
    "loss_ratio_with_na": 0.6938775510204082,
    "tie_ratio_with_na": 0.0,
    "Theanine wins": 0.30612244897959184,
    "tie": 0.0,
    "Baseline wins": 0.6938775510204082
}