{
    "win_count": 19,
    "loss_count": 27,
    "tie_count": 1,
    "na_count": 3,
    "total_count": 50,
    "win_ratio_with_na": 0.38,
    "loss_ratio_with_na": 0.54,
    "tie_ratio_with_na": 0.02,
    "Theanine wins": 0.40425531914893614,
    "tie": 0.02127659574468085,
    "Baseline wins": 0.574468085106383
}