{
    "win_count": 11,
    "loss_count": 36,
    "tie_count": 2,
    "na_count": 1,
    "total_count": 50,
    "win_ratio_with_na": 0.22,
    "loss_ratio_with_na": 0.72,
    "tie_ratio_with_na": 0.04,
    "Theanine wins": 0.22448979591836735,
    "tie": 0.04081632653061224,
    "Baseline wins": 0.7346938775510204
}