{
    "win_count": 12,
    "loss_count": 43,
    "tie_count": 1,
    "na_count": 3,
    "total_count": 59,
    "win_ratio_with_na": 0.2033898305084746,
    "loss_ratio_with_na": 0.7288135593220338,
    "tie_ratio_with_na": 0.01694915254237288,
    "Theanine wins": 0.21428571428571427,
    "tie": 0.017857142857142856,
    "Baseline wins": 0.7678571428571429
}