{
    "win_count": 24,
    "loss_count": 18,
    "tie_count": 47,
    "na_count": 11,
    "total_count": 100,
    "win_ratio_with_na": 0.24,
    "loss_ratio_with_na": 0.18,
    "tie_ratio_with_na": 0.47,
    "Theanine wins": 0.2696629213483146,
    "tie": 0.5280898876404494,
    "Baseline wins": 0.20224719101123595
}