{
    "win_count": 10,
    "loss_count": 47,
    "tie_count": 2,
    "na_count": 0,
    "total_count": 59,
    "win_ratio_with_na": 0.1694915254237288,
    "loss_ratio_with_na": 0.7966101694915254,
    "tie_ratio_with_na": 0.03389830508474576,
    "Theanine wins": 0.1694915254237288,
    "tie": 0.03389830508474576,
    "Baseline wins": 0.7966101694915254
}