{
    "win_count": 15,
    "loss_count": 33,
    "tie_count": 1,
    "na_count": 0,
    "total_count": 49,
    "win_ratio_with_na": 0.30612244897959184,
    "loss_ratio_with_na": 0.673469387755102,
    "tie_ratio_with_na": 0.02040816326530612,
    "Theanine wins": 0.30612244897959184,
    "tie": 0.02040816326530612,
    "Baseline wins": 0.673469387755102
}