{
    "win_count": 12,
    "loss_count": 35,
    "tie_count": 1,
    "na_count": 1,
    "total_count": 49,
    "win_ratio_with_na": 0.24489795918367346,
    "loss_ratio_with_na": 0.7142857142857143,
    "tie_ratio_with_na": 0.02040816326530612,
    "Theanine wins": 0.25,
    "tie": 0.020833333333333332,
    "Baseline wins": 0.7291666666666666
}