{
    "win_count": 19,
    "loss_count": 28,
    "tie_count": 2,
    "na_count": 0,
    "total_count": 49,
    "win_ratio_with_na": 0.3877551020408163,
    "loss_ratio_with_na": 0.5714285714285714,
    "tie_ratio_with_na": 0.04081632653061224,
    "Theanine wins": 0.3877551020408163,
    "tie": 0.04081632653061224,
    "Baseline wins": 0.5714285714285714
}