{
    "win_count": 46,
    "loss_count": 12,
    "tie_count": 0,
    "na_count": 1,
    "total_count": 59,
    "win_ratio_with_na": 0.7796610169491526,
    "loss_ratio_with_na": 0.2033898305084746,
    "tie_ratio_with_na": 0.0,
    "Theanine wins": 0.7931034482758621,
    "tie": 0.0,
    "Baseline wins": 0.20689655172413793
}