{
    "win_count": 14,
    "loss_count": 44,
    "tie_count": 0,
    "na_count": 1,
    "total_count": 59,
    "win_ratio_with_na": 0.23728813559322035,
    "loss_ratio_with_na": 0.7457627118644068,
    "tie_ratio_with_na": 0.0,
    "Theanine wins": 0.2413793103448276,
    "tie": 0.0,
    "Baseline wins": 0.7586206896551724
}