{
    "win_count": 38,
    "loss_count": 21,
    "tie_count": 0,
    "na_count": 0,
    "total_count": 59,
    "win_ratio_with_na": 0.6440677966101694,
    "loss_ratio_with_na": 0.3559322033898305,
    "tie_ratio_with_na": 0.0,
    "Theanine wins": 0.6440677966101694,
    "tie": 0.0,
    "Baseline wins": 0.3559322033898305
}