{
    "win_count": 22,
    "loss_count": 20,
    "tie_count": 55,
    "na_count": 3,
    "total_count": 100,
    "win_ratio_with_na": 0.22,
    "loss_ratio_with_na": 0.2,
    "tie_ratio_with_na": 0.55,
    "Theanine wins": 0.2268041237113402,
    "tie": 0.5670103092783505,
    "Baseline wins": 0.20618556701030927
}