{
    "win_count": 44,
    "loss_count": 11,
    "tie_count": 43,
    "na_count": 2,
    "total_count": 100,
    "win_ratio_with_na": 0.44,
    "loss_ratio_with_na": 0.11,
    "tie_ratio_with_na": 0.43,
    "Theanine wins": 0.4489795918367347,
    "tie": 0.4387755102040816,
    "Baseline wins": 0.11224489795918367
}