{
    "win_count": 39,
    "loss_count": 0,
    "tie_count": 10,
    "na_count": 10,
    "total_count": 59,
    "win_ratio_with_na": 0.6610169491525424,
    "loss_ratio_with_na": 0.0,
    "tie_ratio_with_na": 0.1694915254237288,
    "win_ratio_without_na": 0.7959183673469388,
    "loss_ratio_without_na": 0.0,
    "tie_ratio_without_na": 0.20408163265306123
}