{
    "win_count": 12,
    "loss_count": 37,
    "tie_count": 5,
    "na_count": 5,
    "total_count": 59,
    "win_ratio_with_na": 0.2033898305084746,
    "loss_ratio_with_na": 0.6271186440677966,
    "tie_ratio_with_na": 0.0847457627118644,
    "win_ratio_without_na": 0.2222222222222222,
    "loss_ratio_without_na": 0.6851851851851852,
    "tie_ratio_without_na": 0.09259259259259259
}