{
    "win_count": 9,
    "loss_count": 33,
    "tie_count": 13,
    "na_count": 4,
    "total_count": 59,
    "win_ratio_with_na": 0.15254237288135594,
    "loss_ratio_with_na": 0.559322033898305,
    "tie_ratio_with_na": 0.22033898305084745,
    "win_ratio_without_na": 0.16363636363636364,
    "loss_ratio_without_na": 0.6,
    "tie_ratio_without_na": 0.23636363636363636
}