{
    "win_count": 35,
    "loss_count": 12,
    "tie_count": 5,
    "na_count": 7,
    "total_count": 59,
    "win_ratio_with_na": 0.5932203389830508,
    "loss_ratio_with_na": 0.2033898305084746,
    "tie_ratio_with_na": 0.0847457627118644,
    "win_ratio_without_na": 0.6730769230769231,
    "loss_ratio_without_na": 0.23076923076923078,
    "tie_ratio_without_na": 0.09615384615384616
}