{
    "win_count": 16,
    "loss_count": 30,
    "tie_count": 3,
    "na_count": 0,
    "total_count": 49,
    "win_ratio_with_na": 0.32653061224489793,
    "loss_ratio_with_na": 0.6122448979591837,
    "tie_ratio_with_na": 0.061224489795918366,
    "Theanine wins": 0.32653061224489793,
    "tie": 0.061224489795918366,
    "Baseline wins": 0.6122448979591837
}