{
    "win_count": 15,
    "loss_count": 29,
    "tie_count": 4,
    "na_count": 1,
    "total_count": 49,
    "win_ratio_with_na": 0.30612244897959184,
    "loss_ratio_with_na": 0.5918367346938775,
    "tie_ratio_with_na": 0.08163265306122448,
    "Theanine wins": 0.3125,
    "tie": 0.08333333333333333,
    "Baseline wins": 0.6041666666666666
}