{
    "win_count": 60,
    "loss_count": 13,
    "tie_count": 22,
    "na_count": 5,
    "total_count": 100,
    "win_ratio_with_na": 0.6,
    "loss_ratio_with_na": 0.13,
    "tie_ratio_with_na": 0.22,
    "Theanine wins": 0.631578947368421,
    "tie": 0.23157894736842105,
    "Baseline wins": 0.1368421052631579
}