{
    "win_count": 22,
    "loss_count": 18,
    "tie_count": 59,
    "na_count": 1,
    "total_count": 100,
    "win_ratio_with_na": 0.22,
    "loss_ratio_with_na": 0.18,
    "tie_ratio_with_na": 0.59,
    "Theanine wins": 0.2222222222222222,
    "tie": 0.5959595959595959,
    "Baseline wins": 0.18181818181818182
}