{
    "one_count": 21,
    "two_count": 185,
    "three_count": 235,
    "four_count": 133,
    "five_count": 8,
    "na_count": 12,
    "average_with_na": 2.808080808080808,
    "average_without_na": 2.865979381443299
}