{
    "one_count": 24,
    "two_count": 171,
    "three_count": 235,
    "four_count": 139,
    "five_count": 22,
    "na_count": 3,
    "average_with_na": 2.9242424242424243,
    "average_without_na": 2.9390862944162435
}