{
    "yes_count": 388,
    "no_count": 206,
    "na_count": 0,
    "yes_ratio_with_na": 0.6531986531986532,
    "no_ratio_with_na": 0.3468013468013468,
    "yes_ratio_without_na": 0.6531986531986532,
    "no_ratio_without_na": 0.3468013468013468
}