{
    "one_count": 0,
    "two_count": 89,
    "three_count": 334,
    "four_count": 112,
    "five_count": 6,
    "na_count": 0,
    "average_with_na": 3.0646950092421443,
    "average_without_na": 3.0646950092421443
}