{
    "one_count": 6,
    "two_count": 135,
    "three_count": 287,
    "four_count": 108,
    "five_count": 5,
    "na_count": 0,
    "average_with_na": 2.946395563770795,
    "average_without_na": 2.946395563770795
}