{
    "yes_count": 386,
    "no_count": 87,
    "na_count": 68,
    "yes_ratio_with_na": 0.7134935304990758,
    "no_ratio_with_na": 0.16081330868761554,
    "yes_ratio_without_na": 0.8160676532769556,
    "no_ratio_without_na": 0.1839323467230444
}