{
    "win_count": 72,
    "loss_count": 7,
    "tie_count": 18,
    "na_count": 3,
    "total_count": 100,
    "win_ratio_with_na": 0.72,
    "loss_ratio_with_na": 0.07,
    "tie_ratio_with_na": 0.18,
    "Theanine wins": 0.7422680412371134,
    "tie": 0.18556701030927836,
    "Baseline wins": 0.07216494845360824
}