{
    "win_count": 42,
    "loss_count": 5,
    "tie_count": 50,
    "na_count": 3,
    "total_count": 100,
    "win_ratio_with_na": 0.42,
    "loss_ratio_with_na": 0.05,
    "tie_ratio_with_na": 0.5,
    "Theanine wins": 0.4329896907216495,
    "tie": 0.5154639175257731,
    "Baseline wins": 0.05154639175257732
}