{
    "win_count": 17,
    "loss_count": 32,
    "tie_count": 0,
    "na_count": 0,
    "total_count": 49,
    "win_ratio_with_na": 0.3469387755102041,
    "loss_ratio_with_na": 0.6530612244897959,
    "tie_ratio_with_na": 0.0,
    "Theanine wins": 0.3469387755102041,
    "tie": 0.0,
    "Baseline wins": 0.6530612244897959
}