{
    "win_count": 15,
    "loss_count": 32,
    "tie_count": 2,
    "na_count": 0,
    "total_count": 49,
    "win_ratio_with_na": 0.30612244897959184,
    "loss_ratio_with_na": 0.6530612244897959,
    "tie_ratio_with_na": 0.04081632653061224,
    "Theanine wins": 0.30612244897959184,
    "tie": 0.04081632653061224,
    "Baseline wins": 0.6530612244897959
}