{
    "win_count": 17,
    "loss_count": 28,
    "tie_count": 4,
    "na_count": 1,
    "total_count": 50,
    "win_ratio_with_na": 0.34,
    "loss_ratio_with_na": 0.56,
    "tie_ratio_with_na": 0.08,
    "Theanine wins": 0.3469387755102041,
    "tie": 0.08163265306122448,
    "Baseline wins": 0.5714285714285714
}