{
    "win_count": 11,
    "loss_count": 18,
    "tie_count": 30,
    "na_count": 0,
    "total_count": 59,
    "win_ratio_with_na": 0.1864406779661017,
    "loss_ratio_with_na": 0.3050847457627119,
    "tie_ratio_with_na": 0.5084745762711864,
    "Theanine wins": 0.1864406779661017,
    "tie": 0.5084745762711864,
    "Baseline wins": 0.3050847457627119
}