{
    "win_count": 24,
    "loss_count": 7,
    "tie_count": 28,
    "na_count": 0,
    "total_count": 59,
    "win_ratio_with_na": 0.4067796610169492,
    "loss_ratio_with_na": 0.11864406779661017,
    "tie_ratio_with_na": 0.4745762711864407,
    "Theanine wins": 0.4067796610169492,
    "tie": 0.4745762711864407,
    "Baseline wins": 0.11864406779661017
}