{
    "win_count": 17,
    "loss_count": 29,
    "tie_count": 3,
    "na_count": 0,
    "total_count": 49,
    "win_ratio_with_na": 0.3469387755102041,
    "loss_ratio_with_na": 0.5918367346938775,
    "tie_ratio_with_na": 0.061224489795918366,
    "Theanine wins": 0.3469387755102041,
    "tie": 0.061224489795918366,
    "Baseline wins": 0.5918367346938775
}